Station Name,City,Postal Code,Address 1,Address 2,Location,Customer Category,Customer Subcategory,Model Number,Org Name,MAC Address,System S/N,Floor Label,State,County,Country ,Activation Status,Network Status,Station Status,Port 1 Status,Port 2 Status,No. of Ports,Pricing Policy Name,Reservations,Station Message,Enabled,Station Activation Type,Usable By,Visibility (Access Policy Name),EVSE ID,Radio Group Name,Software Version,Circuit Sharing,Currency Name,Power Select,Scheduled Charging Policy Name,Warranty,Station Activation Date,Warranty Expiration Date,Warranty Service,Waitlist Policy Name,Asset Tag ID,Meter ID,Service Delivery Point ID,Point of Service ID,Account ID,Circuit ID,Panel ID,Customer Name,Customer ID,Site ID,Site mode
FLEET / FLEET,Salt Lake City,84104,1990 W 500 S,,Workplace,Municipal,Municipal Fleet,CT4020-HD-GW,Salt Lake City Corporation,0024:B100:0002:1CE5,1.45141E+11,,Utah,Salt Lake County,United States,Activated,Reachable,Available,Inuse,Available,2,,Disabled,,Yes,Public,Salt Lake City Corporation,Salt Lake City Corporation,117511,SLCC,4.3.5.93,Enabled,U.S. Dollars (USD),40A,,Standard Warranty,4/21/2015 11:55,4/21/2016,,,,,,,,,,City of Salt Lake City,0014000000v79LV,,
FLEET / LIBRARY POOL,Salt Lake City,84111,261 E 500 S,,Public,Municipal,Municipal Fleet,CT4020-HD-GW,Salt Lake City Corporation,0024:B100:0002:559B,1.63641E+11,,Utah,Salt Lake County,United States,Activated,Reachable,Available,Available,Available,2,,Disabled,,Yes,Public,Salt Lake City Corporation,Salt Lake City Corporation,117979,Library Pool 1,4.3.5.93,Enabled,U.S. Dollars (USD),40A,,Standard Warranty,4/21/2015 12:31,4/21/2016,,,,,,,,,,City of Salt Lake City,0014000000v79LV,,
FLEET / PSB-FIRE,Salt Lake City,84111,475 S 300 E,,Workplace,Municipal,Municipal Fleet,CT4020-HD-GW,Salt Lake City Corporation,0024:B100:0002:2402,1.51341E+11,2,Utah,Salt Lake County,United States,Activated,Reachable,Available,Available,Inuse,2,,Disabled,,Yes,Public,Salt Lake City Corporation,Salt Lake City Corporation,121747,Fire Department,4.3.5.93,Enabled,U.S. Dollars (USD),40A,,Standard Warranty,8/17/2015 14:01,8/17/2016,,,,,,,,,,City of Salt Lake City,0014000000v79LV,,
UVU / PARKING SVCS 1,Orem,84058,936 S 400 W St,,,Education,University / College,CT4020-HD-GW,Utah Valley University,0024:B100:0003:3521,1.65041E+11,,Utah,Utah County,United States,Activated,Reachable,Available,Available,Available,2,,Disabled,,Yes,Public,All Drivers,All Drivers,121953,Parking Services,4.3.5.93,Disabled,,40A,,ChargePoint Assure,8/16/2015 18:31,8/16/2020,Parts & Labor,,,,,,,,,Utah Valley University,0014000001a7KtG,,
FLEET / PSB-FIRE 2,Salt Lake City,84111,475 300 E,,Workplace,Municipal,Municipal Fleet,CT4020-HD,Salt Lake City Corporation,0024:B100:0002:2449,1.51441E+11,2,Utah,Salt Lake County,United States,Activated,Reachable,Inuse,Inuse,Inuse,2,,Disabled,,Yes,Public,Salt Lake City Corporation,Salt Lake City Corporation,121987,Fire Department,4.3.5.93,Enabled,U.S. Dollars (USD),40A,,Standard Warranty,8/17/2015 14:11,8/17/2016,,,,,,,,,,City of Salt Lake City,0014000000v79LV,,
UVU / ADMIN LOT 1,Orem,84058,College Dr,,,Education,University / College,CT4020-HD-GW,Utah Valley University,0024:B100:0002:4908,1.61041E+11,,Utah,Utah County,United States,Activated,Reachable,Available,Available,Available,2,,Disabled,Hourly visitor parking rates apply while charging,Yes,Public,All Drivers,All Drivers,122183,Administration Lot,4.3.5.93,Disabled,,40A,,ChargePoint Assure,8/16/2015 18:34,8/16/2020,Parts & Labor,,,,,,,,,Utah Valley University,0014000001a7KtG,,
FLEET / PSB-FIRE NORTH,Salt Lake City,84111,475 300 E,,Workplace,Municipal,Municipal Workplace,CT4020-HD,Salt Lake City Corporation,0024:B100:0002:5CE6,1.64541E+11,2,Utah,Salt Lake County,United States,Activated,Reachable,Available,Available,Available,2,,Disabled,,Yes,Public,Salt Lake City Corporation,Salt Lake City Corporation,176447,Fire Department,4.3.5.93,Disabled,U.S. Dollars (USD),40A,,Standard Warranty,2/28/2017 12:49,2/28/2018,,,,,,,,,,Salt Lake City Corporation,0014000001h6FiF,,
FLEET / SLC FACIL SERV,Salt Lake City,84111,212 E 600 S,,Workplace,Fleet,Distributed,CPGW,Salt Lake City Corporation,0024:B100:0003:3FE6,1.90141E+11,,Utah,,United States,Activated,Reachable,Available,,,,,Disabled,,Yes,Public,All Drivers,No Drivers,1821671,SLC Facility Services,4.3.5.70,Disabled,U.S. Dollars (USD),,,Standard Warranty,7/3/2019 23:19,7/3/2020,Parts Only,,,,,,,,,,,,
FLEET / SLC FACILITIES,Salt Lake City,84111,248 East 600 South,,Workplace,Municipal,Municipal Fleet,CT4020-HD-GW,Salt Lake City Corporation,0024:B100:0002:3957,1.54641E+11,,Utah,Salt Lake County,United States,Activated,Reachable,Available,Available,Available,2,,Disabled,,Yes,Public,Salt Lake City Corporation,Salt Lake City Corporation,144179,Facilities,4.3.5.93,Enabled,U.S. Dollars (USD),40A,,Standard Warranty,4/21/2016 14:07,4/21/2017,,,,,,,,,,City of Salt Lake City,0014000000v79LV,,
MAVERIK / MAVERIK #390 1,Washington,84780,980 Hoodoo way,,,Retail,Shopping Center,CPE200T-S-CHD-CMB,Maverik,000D:6F00:04FC:F0A9,43176,,Utah,,United States,Activated,Reachable,Available,Available,,1,Urban Sites DC Fast,Disabled,,Yes,Public,All Drivers,All Drivers,158471,Store 390,3.7.9.4-23874e35/v1.5.70000000000,Disabled,U.S. Dollars (USD),40A,,ChargePoint Assure,7/14/2017 11:35,7/14/2020,Parts & Labor,,,,,,,,,,,,
MAVERIK / MAVERIK #377 1,Santaquin,84655,725 E Main St,,,Retail,Shopping Center,CPE200T-S-CHD-CMB,Maverik,000D:6F00:04F9:54C7,43295,,Utah,Utah County,United States,Activated,Reachable,Available,Available,,1,Urban Sites DC Fast,Disabled,,Yes,Public,All Drivers,All Drivers,158699,725 E Main St - #337 CPE200,3.7.9.4-23874e35/v1.5.70000000000,Disabled,U.S. Dollars (USD),40A,,ChargePoint Assure,1/15/2018 12:35,1/15/2021,Parts & Labor,,,,,,,,,,,,
MAVERIK / MAVERICK #538 1,Fillmore,84631,965 UT-99,,,Retail,Shopping Center,CPE200T-S-CHD-CMB,Maverik,000D:6F00:04F8:9AC5,43208,,Utah,Millard County,United States,Activated,Reachable,Inuse,Inuse,,1,Maverik,Disabled,,Yes,Public,All Drivers,All Drivers,158787,maverick cpe200,3.7.9.4-23874e35/v1.5.80000000000,Disabled,U.S. Dollars (USD),40A,,ChargePoint Assure,7/17/2017 9:33,7/17/2020,Parts & Labor,,,,,,,,,,,,
SELECT EVR / EVR DCFC,North Logan,84341,670 E 1550 N,,,Education,University / College,CPE200T-S-CHD-CMB,SELECT (Sustainable Electrified Transportation),000D:6F00:04F9:4F75,43256,,Utah,Cache County,United States,Activated,Reachable,Available,Available,,1,,Disabled,Research Nature of this Charger,Yes,Public,All Drivers,No Drivers,164449,DCFC Group,3.7.9.4-23874e35/v1.5.70000000000,Disabled,U.S. Dollars (USD),40A,,Standard Warranty,12/22/2017 8:40,12/22/2018,,,,,,,,,,,,,
PUBLIC USE / 159 S. MAIN ST,Salt Lake City,84111,157 Main St,,Public,Municipal,Municipal Parking,CT4020-HD-GW,Salt Lake City Corporation,0024:B100:0002:52FF,1.63241E+11,,Utah,Salt Lake County,United States,Activated,Reachable,Inuse,Inuse,Inuse,2,,Disabled,Public Stations,Yes,Public,All Drivers,All Drivers,167347,159 S. Main St.,4.3.5.93,Enabled,U.S. Dollars (USD),40A,,Standard Warranty,1/20/2017 12:33,1/20/2018,,,,,,,,,,City of Salt Lake City,0014000000v79LV,,
PUBLIC USE / 255 E 500 S,Salt Lake City,84111,255 E 500 S,,Public,Parking,Commercial,CT4025-HD-GW,Salt Lake City Corporation,0024:B100:0002:A001,1.74541E+11,,Utah,Salt Lake County,United States,Activated,Reachable,Available,Available,Available,2,,Disabled,,Yes,Public,All Drivers,All Drivers,350441,250 E 500 S,4.3.5.70,Disabled,U.S. Dollars (USD),40A,,Standard Warranty,4/17/2019 12:59,4/17/2020,Parts Only,,,,,,,,,,,,
PUBLIC USE / 255 E 500 S #2,Salt Lake City,84111,255 E 500 S,,Public,Parking,Commercial,CT4025-HD,Salt Lake City Corporation,0024:B100:0003:6C6F,1.91541E+11,,Utah,Salt Lake County,United States,Activated,Reachable,Available,Inuse,Available,2,,Disabled,,Yes,Public,All Drivers,All Drivers,220504,250 E 500 S,4.3.5.93,Disabled,U.S. Dollars (USD),40A,,Standard Warranty,4/18/2019 10:59,4/18/2020,Parts Only,,,,,,,,,,,,
PUBLIC USE / 300 SOUTH,Salt Lake City,84111,55 East 300 South,300 South,Public,Municipal,Municipal Parking,CT4025-HD-GW,Salt Lake City Corporation,0024:B100:0003:637B,1.91241E+11,,Utah,Salt Lake County,United States,Activated,Reachable,Available,Available,Inuse,2,,Disabled,Public Stations,Yes,Public,All Drivers,All Drivers,167437,City Only,4.3.5.93,Enabled,U.S. Dollars (USD),40A,,Standard Warranty,1/20/2017 12:17,1/20/2018,,,,,,,,,,City of Salt Lake City,0014000000v79LV,,
PUBLIC USE / FAIRMONT PARK,Salt Lake City,84106,1040 E Sugarmont Dr.,Fairmont Park,Public,Parks and Recreation,,CT4025-HD-GW,Salt Lake City Corporation,0024:B100:0002:59ED,1.64041E+11,,Utah,Salt Lake County,United States,Activated,Reachable,Inuse,Inuse,Inuse,2,,Disabled,Public Stations,Yes,Public,All Drivers,All Drivers,182105,Fairmont Park,4.3.5.93,Enabled,U.S. Dollars (USD),40A,,Standard Warranty,1/27/2017 20:00,1/27/2018,,,,,,,,,,City of Salt Lake City,0014000000v79LV,,
PUBLIC USE / FOREST DALE GOL,Salt Lake City,84106,2375 900 E,Forest Dale Golf Course,Public,Parks and Recreation,,CT4020-HD-GW,Salt Lake City Corporation,0024:B100:0002:5708,1.63841E+11,,Utah,Salt Lake County,United States,Activated,Reachable,Available,Inuse,Available,2,,Disabled,Public Stations,Yes,Public,All Drivers,All Drivers,169185,Forest Dale Golf Course,4.3.5.93,Enabled,U.S. Dollars (USD),40A,,Standard Warranty,1/30/2017 19:24,1/30/2018,,,,,,,,,,City of Salt Lake City,0014000000v79LV,,
PUBLIC USE / INTL PEACE GARD,Salt Lake City,84104,1060 S 900 W,International Peace Gardens,Public,Parks and Recreation,,CT4020-HD-GW,Salt Lake City Corporation,0024:B100:0002:5391,1.63341E+11,,Utah,Salt Lake County,United States,Activated,Reachable,Available,Available,Inuse,2,,Disabled,Public Stations,Yes,Public,All Drivers,All Drivers,165165,International Peace Gardens,4.3.5.93,Enabled,U.S. Dollars (USD),40A,,Standard Warranty,1/27/2017 20:17,1/27/2018,,,,,,,,,,City of Salt Lake City,0014000000v79LV,,
PUBLIC USE / LIBERTY PARK,Salt Lake City,84105,600 E. 900 South,Liberty Park,Public,Parks and Recreation,,CT4025-HD-GW,Salt Lake City Corporation,0024:B100:0003:6FF3,1.44441E+11,,Utah,Salt Lake County,United States,Activated,Reachable,Available,Available,Inuse,2,,Disabled,Public Stations,Yes,Public,All Drivers,All Drivers,167713,Liberty Park,4.3.5.93,Enabled,U.S. Dollars (USD),40A,,Standard Warranty,1/27/2017 19:48,1/27/2018,,,,,,,,,,City of Salt Lake City,0014000000v79LV,,
PUBLIC USE / LIBERTY PARK 2,Salt Lake City,84105,600 E 900 S,Liberty Park,Public,Parks and Recreation,,CT4025-HD,Salt Lake City Corporation,0024:B100:0002:596C,1.64041E+11,,Utah,Salt Lake County,United States,Activated,Reachable,Available,Available,Available,2,,Disabled,Public Stations,Yes,Public,All Drivers,All Drivers,182073,Liberty Park,4.3.5.93,Enabled,U.S. Dollars (USD),40A,,Standard Warranty,1/30/2017 19:28,1/30/2018,,,,,,,,,,City of Salt Lake City,0014000000v79LV,,
PUBLIC USE / LIBRA SQ GAR P2,Salt Lake City,84111,210 E 400 S,Library Square Garage,Public,Municipal,Municipal Parking,CT4020-HD-GW,Salt Lake City Corporation,0024:B100:0002:538A,1.63241E+11,,Utah,Salt Lake County,United States,Activated,Reachable,Available,Inuse,Available,2,,Disabled,Public Stations,Yes,Public,All Drivers,All Drivers,164963,Public Stations (FREE),4.3.5.93,Enabled,U.S. Dollars (USD),40A,,Standard Warranty,1/20/2017 12:01,1/20/2018,,,,,,,,,,City of Salt Lake City,0014000000v79LV,,
PUBLIC USE / LIBRARY SQ P1,Salt Lake City,84111,210 E 400 S,Library Square Garage,Public,Municipal,Library,CT4020-HD,Salt Lake City Corporation,0024:B100:0002:56AE,1.63741E+11,,Utah,Salt Lake County,United States,Activated,Reachable,Available,Available,Available,2,,Disabled,Public Stations,Yes,Public,All Drivers,All Drivers,167543,Library Pool 1,4.3.5.93,Disabled,U.S. Dollars (USD),40A,,Standard Warranty,1/20/2017 22:44,1/20/2018,,,,,,,,,,City of Salt Lake City,0014000000v79LV,,
PUBLIC USE / LIBRARY SQUA P1,Salt Lake City,84111,210 E 400 S,Library Square Garage (P1),Public,Municipal,Library,CT4020-HD,Salt Lake City Corporation,0024:B100:0002:56AC,1.63741E+11,P1,Utah,Salt Lake County,United States,Activated,Reachable,Available,Available,Available,2,,Disabled,Public Stations,Yes,Public,All Drivers,All Drivers,167485,Library Pool 1,4.3.5.93,Disabled,U.S. Dollars (USD),40A,,Standard Warranty,1/20/2017 22:50,1/20/2018,,,,,,,,,,City of Salt Lake City,0014000000v79LV,,
PUBLIC USE / MTN DELL GOLF,Salt Lake City,84108,Interstate 80,,Public,Parking,Commercial,CT4020-HD-GW,Salt Lake City Corporation,0024:B100:0002:B661,1.80441E+11,,Utah,Salt Lake County,United States,Activated,Reachable,Available,Available,Available,2,,Disabled,,Yes,Public,All Drivers,All Drivers,481071,Mtn. Dell Golf Course,4.3.5.93,Disabled,U.S. Dollars (USD),40A,,Standard Warranty,4/18/2019 10:52,4/18/2020,Parts Only,,,,,,,,,,,,
PUBLIC USE / PIONEER PARK,Salt Lake City,84101,349 W 300 S,Pioneer Park,Public,Parks and Recreation,,CT4025-HD-GW,Salt Lake City Corporation,0024:B100:0002:B400,1.50241E+11,,Utah,Salt Lake County,United States,Activated,Reachable,Available,Available,Available,2,,Disabled,Pioneer Park,Yes,Public,All Drivers,All Drivers,167175,Pioneer Park,4.3.5.93,Enabled,U.S. Dollars (USD),40A,,Standard Warranty,1/27/2017 20:23,1/27/2018,,,,,,,,,,City of Salt Lake City,0014000000v79LV,,
PUBLIC USE / RAC PARKING,Salt Lake City,84116,2280 Rose Park Ln,,Public,"Government (Fed, State)",Civilian Workplace,CT4020-HD-GW,Salt Lake City Corporation,0024:B100:0002:B652,1.80441E+11,,Utah,Salt Lake County,United States,Activated,Reachable,Available,Available,Available,2,,Disabled,RAC,Yes,Public,RAC,RAC,481121,Public Use1,4.3.5.93,Disabled,U.S. Dollars (USD),40A,,Standard Warranty,3/28/2019 14:19,3/28/2020,Parts Only,,,,,,,,,,,,
PUBLIC USE / SORENSON MULTIC,Salt Lake City,84104,855 W California Ave,Sorenson Multicultural Center,Public,Hospitality,Museum / Tourist Attraction,CT4020-HD-GW,Salt Lake City Corporation,0024:B100:0002:5314,1.63341E+11,,Utah,Salt Lake County,United States,Activated,Reachable,Available,Available,Available,2,,Disabled,Public Stations,Yes,Public,All Drivers,All Drivers,165161,Sorenson Multicultural Center,4.3.5.93,Enabled,U.S. Dollars (USD),40A,,Standard Warranty,1/27/2017 20:11,1/27/2018,,,,,,,,,,City of Salt Lake City,0014000000v79LV,,
PUBLIC USE / SUGAR HOUSE,Salt Lake City,84106,1170 E Wilmington Ave,Sugar House,Public,Retail,Shopping Center,CT4025-HD-GW,Salt Lake City Corporation,0024:B100:0002:EB54,1.83041E+11,,Utah,Salt Lake County,United States,Activated,Reachable,Inuse,Inuse,Inuse,2,,Disabled,Public Stations,Yes,Public,All Drivers,All Drivers,182139,Sugar House,4.3.5.93,Disabled,U.S. Dollars (USD),40A,,Standard Warranty,2/5/2017 20:29,2/5/2018,,,,,,,,,,City of Salt Lake City,0014000000v79LV,,
PUBLIC USE / SUNNYSIDE AVE,Salt Lake City,84108,2600 Sunnyside Ave S,,Public,Hospitality,Museum / Tourist Attraction,CT4025-HD-GW,Salt Lake City Corporation,0024:B100:0002:50D7,1.62741E+11,,Utah,Salt Lake County,United States,Activated,Reachable,Available,Available,Available,2,,Disabled,Public Stations,Yes,Public,All Drivers,All Drivers,182145,Hogle Zoo,4.3.5.93,Enabled,U.S. Dollars (USD),40A,,Standard Warranty,2/5/2017 20:39,2/5/2018,,,,,,,,,,City of Salt Lake City,0014000000v79LV,,
MAVERIK / MAVERIK #390 2,Washington,84780,980 hoodoo way ,,,Retail,Shopping Center,CT4010-HD-GW,Maverik,0024:B100:0002:68A4,1.70341E+11,,Utah,Washington County,United States,Activated,Reachable,Available,Available,,1,Urban Level 2,Disabled,,Yes,Public,All Drivers,All Drivers,187413,Store 390 CT4k,4.3.5.93,Disabled,U.S. Dollars (USD),40A,,ChargePoint Assure,7/14/2017 11:37,7/14/2020,Parts & Labor,,,,,,,,,"Maverik, Inc.",0014000001kmt4y,,
MAVERIK / MAVERK #538 2,Fillmore,84631,965 UT-99,,,Retail,Shopping Center,CT4010-HD-GW,Maverik,0024:B100:0002:64EB,1.70141E+11,,Utah,Millard County,United States,Activated,Reachable,Available,Available,,1,Maverik CT4k,Disabled,,Yes,Public,All Drivers,All Drivers,187709,Maverik CT4k,4.3.5.93,Disabled,U.S. Dollars (USD),40A,,ChargePoint Assure,7/17/2017 9:34,7/17/2020,Parts & Labor,,,,,,,,,"Maverik, Inc.",0014000001kmt4y,,
RMP NTO OFFICE / NTO WEST LOT 1,Salt Lake City,84116,1407 West North Temple,,Workplace,Utility,,CT4020-HD,PacifiCorp,0024:B100:0002:67C1,1.70241E+11,,Utah,Salt Lake County,United States,Activated,Reachable,Inuse,Inuse,Inuse,2,,Disabled,,Yes,Public,All Drivers,All Drivers,186285,1407 W North Temple,4.3.5.93,Enabled,,40A,,Standard Warranty,5/15/2017 14:02,5/15/2018,,,,,,,,,,PacifiCorp,0014000000Otbmw,,
RMP NTO OFFICE / NTO WEST LOT 2,Salt Lake City,84116,1407 West North Temple,,Workplace,Utility,,CT4020-HD-GW,PacifiCorp,0024:B100:0002:64CD,1.65241E+11,,Utah,Salt Lake County,United States,Activated,Reachable,Available,Inuse,Available,2,,Disabled,,Yes,Public,All Drivers,All Drivers,183643,1407 W North Temple,4.3.5.93,Enabled,,40A,,Standard Warranty,5/15/2017 14:00,5/15/2018,,,,,,,,,,PacifiCorp,0014000000Otbmw,,
RMP NTO OFFICE / NTO WEST LOT 3,Salt Lake City,84116,1407 West North Temple,,Workplace,Utility,,CT4020-HD,PacifiCorp,0024:B100:0002:67DC,1.70241E+11,,Utah,Salt Lake County,United States,Activated,Reachable,Available,Available,Inuse,2,,Disabled,,Yes,Public,All Drivers,All Drivers,186415,1407 W North Temple,4.3.5.93,Enabled,,40A,,Standard Warranty,5/15/2017 14:01,5/15/2018,,,,,,,,,,PacifiCorp,0014000000Otbmw,,
RMP NTO OFFICE / NTO WEST LOT FC,Salt Lake City,84116,1407 West North Temple,,Workplace,Utility,,CPE200T-S-CHD-CMB,PacifiCorp,000D:6F00:04F8:94A3,43252,,Utah,Salt Lake County,United States,Activated,Reachable,Inuse,Inuse,,1,,Disabled,,Yes,Public,All Drivers,All Drivers,153363,1407 W N Temple,3.7.9.4-23874e35/v1.5.70000000000,Disabled,,40A,,ChargePoint Assure,6/1/2017 10:13,6/1/2019,,,,,,,,,,,,,
RMP NTO OFFICE / STATION 1,Salt Lake City,84116,1407 W North Temple,,Workplace,Workplace,General,CT4020-HD-GW,PacifiCorp,0024:B100:0002:2CB5,1.53341E+11,,Utah,Salt Lake County,United States,Activated,Reachable,Available,Inuse,Available,2,,Disabled,,Yes,Public,All Drivers,No Drivers,128725,1427 W North Temple,4.3.5.93,Enabled,,40A,,ChargePoint Assure,3/9/2016 9:23,7/14/2018,,,,,,,,,,PacifiCorp,0014000000Otbmw,,
SALT LAKE CITY / 475 S 300 E,Salt Lake City,84111,475 S 300 E,,Workplace,"Government (Fed, State)",Civilian Workplace,CT4020-HD-GW,Salt Lake City Corporation,0024:B100:0002:B63E,1.80441E+11,,Utah,Salt Lake County,United States,Activated,Unreachable,Watch List,Watch List,Watch List,2,,Disabled,,Yes,Public,All Drivers,All Drivers,481191,B&M Managed,4.3.5.93,Disabled,U.S. Dollars (USD),40A,,Standard Warranty,3/28/2019 13:20,3/28/2020,Parts Only,,,,,,,,,,,,
SALT LAKE CITY / 475 S 300 E #2,Salt Lake City,84111,475 S 300 E,,Workplace,Parks and Recreation,,CT4020-HD,Salt Lake City Corporation,0024:B100:0002:BE22,1.80941E+11,,Utah,Salt Lake County,United States,Activated,Unreachable,Watch List,Available,Available,2,,Disabled,,Yes,Public,All Drivers,All Drivers,523801,B&M Managed,4.3.5.93,Disabled,U.S. Dollars (USD),40A,,Standard Warranty,6/6/2019 15:44,6/6/2020,Parts Only,,,,,,,,,,,,
SALT LAKE CITY / COMPLAINCE 1,Salt Lake City,84111,219 Colfax Ave,,Workplace,Municipal,Municipal Fleet,CT4020-HD-GW,Salt Lake City Corporation,0024:B100:0002:A015,1.74541E+11,,Utah,Salt Lake County,United States,Activated,Reachable,Available,Inuse,Available,2,,Disabled,,Yes,Public,Salt Lake City Corporation,Salt Lake City Corporation,352051,SLC Compliance Group,4.3.5.93,Disabled,U.S. Dollars (USD),40A,,Standard Warranty,3/6/2018 9:27,3/6/2019,,,,,,,,,,,,,
SALT LAKE CITY / PARKS & LAND,Salt Lake City,84104,1965 W 500 S,,Workplace,Parks and Recreation,,CT4020-HD-GW,Salt Lake City Corporation,0024:B100:0002:B6BC,1.80441E+11,,Utah,Salt Lake County,United States,Activated,Reachable,Available,Available,Available,2,,Disabled,,Yes,Public,Salt Lake City Corporation,Salt Lake City Corporation,481151,Parks & Pub Land,4.3.5.93,Disabled,U.S. Dollars (USD),40A,,Standard Warranty,4/18/2019 11:40,4/18/2020,Parts Only,,,,,,,,,,,,
SALT LAKE CITY / PLAZA 349 #1,Salt Lake City,84111,357 S 200 E,,Public,Parking,Commercial,CT4020-HD-GW,Salt Lake City Corporation,0024:B100:0002:B655,1.80441E+11,2 W,Utah,Salt Lake County,United States,Activated,Reachable,Available,Inuse,Available,2,,Disabled,,Yes,Public,All Drivers,Salt Lake City Corporation,480931,PLAZA 349,4.3.5.93,Disabled,U.S. Dollars (USD),40A,,Standard Warranty,4/8/2019 11:02,4/8/2020,Parts Only,,,,,,,,,Salt Lake City Corporation,,,
SALT LAKE CITY / PLAZA 349 #2,Salt Lake City,84111,355 S 200 E,,Public,Parking,Commercial,CT4020-HD,Salt Lake City Corporation,0024:B100:0002:BE24,1.80941E+11,2 W,Utah,Salt Lake County,United States,Activated,Reachable,Available,Inuse,Available,2,,Disabled,,Yes,Public,All Drivers,Salt Lake City Corporation,523891,PLAZA 349,4.3.5.93,Disabled,U.S. Dollars (USD),40A,,Standard Warranty,4/8/2019 11:23,4/8/2020,Parts Only,,,,,,,,,,,,
SALT LAKE CITY / SLC COMPLIANCE2,Salt Lake City,84111,240 E 600 S,,Workplace,Municipal,Municipal Fleet,CT4020-HD-GW,Salt Lake City Corporation,0024:B100:0002:A00D,1.74541E+11,,Utah,Salt Lake County,United States,Activated,Reachable,Available,Available,Inuse,2,,Disabled,,Yes,Public,Salt Lake City Corporation,Salt Lake City Corporation,352031,Compliance Group 2,4.3.5.93,Disabled,U.S. Dollars (USD),40A,,Standard Warranty,3/6/2018 9:27,3/6/2019,,,,,,,,,,,,,
SALT LAKE CITY / SLC FACIL SERV1,Salt Lake City,84111,212 E 600 S,,Workplace,Fleet,Distributed,CPF25,Salt Lake City Corporation,0024:B100:0003:134B,1.84141E+11,,Utah,Salt Lake County,United States,Activated,Reachable,Inuse,Inuse,,1,,Disabled,,Yes,Public,All Drivers,No Drivers,1827111,SLC Facility Services,5.3.2.10,Disabled,U.S. Dollars (USD),40A,,Standard Warranty,7/9/2019 17:41,7/9/2020,Parts Only,,,,,,,,,,,,
SELECT EVR / EVR L2 B,North Logan,84341,670 E 1550 N,,,Education,University / College,CT4020-HD,SELECT (Sustainable Electrified Transportation),0024:B100:0002:8DC8,1.73341E+11,,Utah,Cache County,United States,Activated,Reachable,Available,Available,Inuse,2,,Disabled,Research Nature of this Charger,Yes,Public,EVR L2 Stations,EVR L2 Stations,235961,EVR,4.3.5.93,Disabled,U.S. Dollars (USD),40A,,Standard Warranty,12/22/2017 8:43,12/22/2018,,,,,,,,,,,,,
MAVERIK / MAVERIK #377 2,Santaquin,84655,725 E Main St,,,Retail,Shopping Center,CT4010-HD-GW,Maverik,0024:B100:0002:8EDA,1.73441E+11,,Utah,Utah County,United States,Activated,Reachable,Available,Available,,1,Urban Level 2,Disabled,,Yes,Public,All Drivers,All Drivers,244281,725 E Main St 377 L2 GW,4.3.5.93,Disabled,U.S. Dollars (USD),40A,,ChargePoint Assure,1/18/2018 8:35,1/18/2021,Parts & Labor,,,,,,,,,,,,
MAVERIK / MAVERIK 348 2,Cedar City,84721,444 Old US Hwy 91,,,Retail,Shopping Center,CT4010-HD-GW,Maverik,0024:B100:0003:3771,1.50141E+11,,Utah,Iron County,United States,Activated,Reachable,Available,Available,,1,Urban Level 2,Disabled,,Yes,Public,All Drivers,All Drivers,244561,Store # 348,4.3.5.93,Disabled,U.S. Dollars (USD),40A,,ChargePoint Assure,2/13/2018 9:48,2/13/2021,Parts & Labor,,,,,,,,,,,,
SELECT EVR / EVR L2 A,North Logan,84341,670 E 1550 N,,,Education,University / College,CT4020-HD-GW,SELECT (Sustainable Electrified Transportation),0024:B100:0002:90BC,1.73541E+11,,Utah,Cache County,United States,Activated,Reachable,Available,Available,Available,2,,Disabled,Research Nature of this Charger,Yes,Public,EVR L2 Stations,EVR L2 Stations,251721,EVR,4.3.5.93,Disabled,U.S. Dollars (USD),40A,,Standard Warranty,12/22/2017 8:43,12/22/2018,,,,,,,,,,Utah State University,0014000001CY4Y0,,
MAVERIK / MAVERIK 348 1,Cedar City,84721,444 Old US Hwy 91,,,Retail,Shopping Center,CPE200T-S-CHD-CMB,Maverik,000D:6F00:04F8:AF26,43285,,Utah,,United States,Activated,Reachable,Available,Available,,1,Urban Sites DC Fast,Disabled,,Yes,Public,All Drivers,All Drivers,324731,Store 348 DC fast,3.7.9.4-23874e35/v1.5.70000000000,Disabled,U.S. Dollars (USD),40A,,ChargePoint Assure,2/13/2018 12:08,2/13/2021,Parts & Labor,,,,,,,,,,,,
MAVERIK / MAVERIK 488 1,Draper,84020,14814 Minuteman Dr,,,Retail,Shopping Center,CPE200T-S-CHD-CMB,Maverik,000D:6F00:04F8:89C0,22925,,Utah,Salt Lake County,United States,Activated,Reachable,Available,Available,,1,Urban Sites DC Fast,Disabled,,Yes,Public,All Drivers,No Drivers,328211,14814 Minuteman Dr DC Fast,3.7.9.4-23874e35/v1.5.70000000000,Disabled,U.S. Dollars (USD),40A,,ChargePoint Assure,5/8/2018 10:39,5/8/2021,Parts & Labor,,,,,,,,,,,,
SALT LAKE CITY / SLC FACIL SERV2,Salt Lake City,84111,212 E 600 S,,Workplace,Fleet,Distributed,CPF25,Salt Lake City Corporation,0024:B100:0003:1356,1.84141E+11,,Utah,Salt Lake County,United States,Activated,Reachable,Available,Available,,1,,Disabled,,Yes,Public,All Drivers,No Drivers,1827141,SLC Facility Services,5.3.2.10,Disabled,U.S. Dollars (USD),40A,,Standard Warranty,7/9/2019 15:08,7/9/2020,Parts Only,,,,,,,,,,,,
SLC AIRPORT / ECONOMY 1,Salt Lake City,84114,475 North 3820,,Airport,Parking,Airport,CT4025-HD-GW,Salt Lake City Department of Airports,0024:B100:0002:738C,1.71241E+11,,Utah,Salt Lake County,United States,Activated,Reachable,Inuse,Inuse,Inuse,2,,Disabled,Economy Parking Lot,Yes,Public,All Drivers,All Drivers,197801,CT4K GW1,4.3.5.93,Disabled,,40A,,ChargePoint Assure,6/20/2018 10:57,6/20/2022,Parts & Labor,,,,,,,,,City of Salt Lake City,0014000000v79LV,,
SLC AIRPORT / ECONOMY 2,Salt Lake City,84114,475 North 3820 West,,Airport,Parking,Airport,CT4025-HD,Salt Lake City Department of Airports,0024:B100:0002:73E7,1.71241E+11,,Utah,Salt Lake County,United States,Activated,Reachable,Inuse,Inuse,Inuse,2,,Disabled,Economy Parking Lot,Yes,Public,All Drivers,All Drivers,198179,CT4K GW1,4.3.5.93,Disabled,,40A,,ChargePoint Assure,6/20/2018 11:11,6/20/2022,Parts & Labor,,,,,,,,,City of Salt Lake City,0014000000v79LV,,
UVU / FAST CHARGER,Orem,84058,College Dr,,,Education,University / College,CPE200T-S-CHD-CMB,Utah Valley University,000D:6F00:04F8:A1D3,121834,,Utah,Utah County,United States,Activated,Reachable,Needs Service,Needs Service,,1,,Disabled,Hourly visitor parking rates apply while charging,Yes,Public,All Drivers,No Drivers,361941,Fast Charger,3.7.9.4-23874e35/v1.5.70000000000,Disabled,,40A,,ChargePoint Assure,8/14/2018 7:23,8/14/2021,Parts & Labor,,,,,,,,,,,,
MAVERIK / MAVERIK 533 1,Wellsville,84339,748 E Main St,,,Retail,Shopping Center,CPE200T-S-CHD-CMB,Maverik,000D:6F00:04F8:A3E8,82946,,Utah,Cache County,United States,Activated,Reachable,Available,Available,,1,Urban Sites DC Fast,Disabled,,Yes,Public,All Drivers,No Drivers,362091,Maverik 533 1,3.7.9.4-23874e35/v1.5.70000000000,Disabled,U.S. Dollars (USD),40A,,ChargePoint Assure,6/7/2018 7:19,6/7/2021,Parts & Labor,,,,,,,,,,,,
MAVERIK / MAVERIK 508-1,Stansbury Park,84074,6527 N HWY 36,,,Retail,Shopping Center,CPE200T-S-CHD-CMB,Maverik,000D:6F00:04F9:5B88,108163,,Utah,Tooele County,United States,Activated,Reachable,Available,Available,,1,Urban Sites DC Fast,Disabled,,Yes,Public,All Drivers,No Drivers,467281,6527 N HWY 36 DC,3.7.9.4-23874e35/v1.5.70000000000,Disabled,U.S. Dollars (USD),40A,,ChargePoint Assure,5/22/2018 7:35,5/22/2021,Parts & Labor,,,,,,,,,,,,
MAVERIK / MAVERIK 481 1,Farr West,84404,1874 W 2700 N,,,Retail,Shopping Center,CPE200T-S-CHD-CMB,Maverik,000D:6F00:04FC:F5E8,108165,,Utah,Weber County,United States,Activated,Reachable,Available,Available,,1,Urban Sites DC Fast,Disabled,,Yes,Public,All Drivers,All Drivers,470261,481 DC,3.7.9.4-23874e35/v1.5.80000000000,Disabled,U.S. Dollars (USD),40A,,ChargePoint Assure,6/14/2018 12:38,6/14/2021,Parts & Labor,,,,,,,,,,,,
SLC AIRPORT / ECONOMY 3,Salt Lake City,84114,475 North 3820 West,,Airport,Parking,Airport,CT4025-HD,Salt Lake City Department of Airports,0024:B100:0002:7406,1.71241E+11,,Utah,,United States,Activated,Reachable,Inuse,Inuse,Inuse,2,,Disabled,Economy Parking Lot,Yes,Public,All Drivers,All Drivers,198243,CT4K GW1,4.3.5.70,Disabled,,40A,,ChargePoint Assure,6/20/2018 11:14,6/20/2022,Parts & Labor,,,,,,,,,City of Salt Lake City,0014000000v79LV,,
SLC AIRPORT / ECONOMY 4,Salt Lake City,84114,475 North 3820 West,,Airport,Parking,Airport,CT4025-HD,Salt Lake City Department of Airports,0024:B100:0002:742B,1.71241E+11,,Utah,Salt Lake County,United States,Activated,Reachable,Inuse,Inuse,Inuse,2,,Disabled,Economy Parking Lot,Yes,Public,All Drivers,All Drivers,198923,CT4K GW1,4.3.5.70,Disabled,,40A,,ChargePoint Assure,6/20/2018 11:26,6/20/2022,Parts & Labor,,,,,,,,,City of Salt Lake City,0014000000v79LV,,
SLC AIRPORT / EMPLOYEE 1,Salt Lake City,84114,775 North Terminal drive ,,Airport,Parking,Airport,CT4025-HD-GW,Salt Lake City Department of Airports,0024:B100:0002:738A,1.71241E+11,,Utah,Salt Lake County,United States,Activated,Reachable,Inuse,Inuse,Inuse,2,,Disabled,Employee,Yes,Public,All Drivers,All Drivers,197803,CT4K GW2,4.3.5.93,Disabled,,40A,,ChargePoint Assure,6/20/2018 11:23,6/20/2022,Parts & Labor,,,,,,,,,City of Salt Lake City,0014000000v79LV,,
SLC AIRPORT / EMPLOYEE 2,Salt Lake City,84114,775 North Terminal Drive,,Airport,Parking,Airport,CT4025-HD,Salt Lake City Department of Airports,0024:B100:0002:73D6,1.71241E+11,,Utah,Salt Lake County,United States,Activated,Reachable,Inuse,Inuse,Inuse,2,,Disabled,Employee,Yes,Public,All Drivers,All Drivers,197951,CT4K GW2,4.3.5.93,Disabled,,40A,,ChargePoint Assure,6/20/2018 11:26,6/20/2022,Parts & Labor,,,,,,,,,City of Salt Lake City,0014000000v79LV,,
SLC AIRPORT / EMPLOYEE 3,Salt Lake City,84114,775 North Terminal Drive,,Airport,Parking,Airport,CT4025-HD,Salt Lake City Department of Airports,0024:B100:0002:7426,1.71241E+11,,Utah,Salt Lake County,United States,Activated,Reachable,Available,Inuse,Available,2,,Disabled,Employee,Yes,Public,All Drivers,All Drivers,198249,CT4K GW2,4.3.5.93,Disabled,,40A,,ChargePoint Assure,6/20/2018 11:35,6/20/2022,Parts & Labor,,,,,,,,,City of Salt Lake City,0014000000v79LV,,
MAVERIK / MAVERIK 481 2,Farr West,84404,1874 W 2700 N,,,Retail,Shopping Center,CT4010-HD-GW,Maverik,0024:B100:0002:B6E0,1.80541E+11,,Utah,Weber County,United States,Activated,Reachable,Available,Available,,1,Urban Level 2,Disabled,,Yes,Public,All Drivers,All Drivers,486251,481 L2,4.3.5.93,Disabled,U.S. Dollars (USD),40A,,ChargePoint Assure,6/14/2018 12:36,6/14/2021,Parts & Labor,,,,,,,,,,,,
MAVERIK / MAVERIK 488 2,Draper,84020,14814 Minuteman Dr,,,Retail,Shopping Center,CT4010-HD-GW,Maverik,0024:B100:0002:B6E3,1.80541E+11,,Utah,Salt Lake County,United States,Activated,Reachable,Available,Available,,1,Urban Level 2,Disabled,,Yes,Public,All Drivers,All Drivers,486291,14814 Minuteman Dr L2,4.3.5.93,Disabled,U.S. Dollars (USD),40A,,ChargePoint Assure,5/8/2018 10:39,5/8/2021,Parts & Labor,,,,,,,,,,,,
MAVERIK / MAVERIK 508-2,Tooele,84074,6527 N HWY 36,,,Retail,Shopping Center,CT4010-HD-GW,Maverik,0024:B100:0002:D9C1,1.52241E+11,,Utah,Beaver County,United States,Activated,Reachable,Available,Available,,1,Urban Level 2,Disabled,,Yes,Public,All Drivers,All Drivers,486341,6527 N HWY 36,4.3.5.93,Disabled,U.S. Dollars (USD),40A,,ChargePoint Assure,5/22/2018 7:33,5/22/2021,Parts & Labor,,,,,,,,,,,,
MAVERIK / MAVERIK 533 2,Wellsville,84339,748 E Main St,,,Retail,Shopping Center,CT4010-HD-GW,Maverik,0024:B100:0002:542A,1.63441E+11,,Utah,Cache County,United States,Activated,Reachable,Available,Available,,1,Urban Level 2,Disabled,,Yes,Public,All Drivers,All Drivers,486521,Maverik 533 2,4.3.5.93,Disabled,U.S. Dollars (USD),40A,,ChargePoint Assure,6/7/2018 7:20,6/7/2021,Parts & Labor,,,,,,,,,,,,
UVU / PARKING L13,Orem,84058,815 College Dr,,,Education,University / College,CT4020-HD-GW,Utah Valley University,0024:B100:0002:B908,1.80641E+11,,Utah,Utah County,United States,Activated,Reachable,Inuse,Inuse,Inuse,2,,Disabled,Permit is required to park,Yes,Public,All Drivers,All Drivers,494271,Parking L13,4.3.5.93,Disabled,,40A,,ChargePoint Assure,8/6/2018 7:26,8/6/2022,Parts & Labor,,,,,,,,,,,,
UVU / PARKING M23,Orem,84058,601 College Dr,,,Education,University / College,CT4020-HD-GW,Utah Valley University,0024:B100:0003:70B1,1.84341E+11,,Utah,Utah County,United States,Activated,Reachable,Available,Available,Inuse,2,,Disabled,Permit is required to park,Yes,Public,All Drivers,All Drivers,494291,Parking M23,4.3.5.93,Disabled,,40A,,ChargePoint Assure,8/6/2018 7:25,8/6/2022,Parts & Labor,,,,,,,,,,,,
UVU / PARKING GARAGE,Orem,84058,785 W 1000 S,,,Education,University / College,CT4010-HD-GW,Utah Valley University,0024:B100:0002:B947,1.80741E+11,1,Utah,Utah County,United States,Activated,Reachable,Not Ready,Inuse,,1,,Disabled,Hourly visitor parking rates apply while charging,No,Public,All Drivers,All Drivers,499291,Parking Garage,4.3.5.93,Disabled,,40A,,ChargePoint Assure,8/6/2018 7:32,8/6/2022,Parts & Labor,,,,,,,,,,,,
SLC AIRPORT / EMPLOYEE 4,Salt Lake City,84114,775 North terminal drive ,,Airport,Parking,Airport,CT4025-HD,Salt Lake City Department of Airports,0024:B100:0002:74F9,1.71241E+11,,Utah,Salt Lake County,United States,Activated,Reachable,Available,Available,Inuse,2,,Disabled,Employee,Yes,Public,All Drivers,All Drivers,199119,CT4K GW2,4.3.5.93,Disabled,,40A,,ChargePoint Assure,6/20/2018 11:30,6/20/2022,Parts & Labor,,,,,,,,,City of Salt Lake City,0014000000v79LV,,
SLC AIRPORT / HOURLY 1,Salt Lake City,84116,Hourly/Daily Parking,,Airport,Parking,Airport,CT4025-HD-GW,Salt Lake City Department of Airports,0024:B100:0002:6F23,1.71241E+11,P2,Utah,Salt Lake County,United States,Activated,Reachable,Available,Available,Inuse,2,,Disabled,Hourly Parking,Yes,Public,All Drivers,All Drivers,197793,CT4K GW3,4.3.5.93,Disabled,,40A,,ChargePoint Assure,6/20/2018 11:36,6/20/2022,Parts & Labor,,,,,,,,,City of Salt Lake City,0014000000v79LV,,
UVU / PARKING W2,Orem,84058,1518 1000 S,,,Education,University / College,CT4020-HD-GW,Utah Valley University,0024:B100:0002:C1EE,1.81141E+11,,Utah,Utah County,United States,Activated,Reachable,Available,Available,Inuse,2,,Disabled,,Yes,Public,All Drivers,All Drivers,546261,Parking W2,4.3.5.93,Disabled,,40A,,ChargePoint Assure,8/6/2018 7:28,8/6/2022,Parts & Labor,,,,,,,,,,,,
UVU / PARKING L6,Orem,84058,815 College Dr,,,Education,University / College,CT4020-HD-GW,Utah Valley University,0024:B100:0002:C160,1.81141E+11,,Utah,Utah County,United States,Activated,Reachable,Inuse,Inuse,Inuse,2,,Disabled,Permit is required to park,Yes,Public,All Drivers,All Drivers,546371,Parking L6,4.3.5.93,Disabled,,40A,,ChargePoint Assure,8/6/2018 7:30,8/6/2022,Parts & Labor,,,,,,,,,,,,
RMP NTO OFFICE / RMP MOAB CPE250,Moab,84532,400 N 100 W St,,,Utility,,CPE250C-500-CCS1-CHD,PacifiCorp,0024:B100:0001:1271,1.90702E+11,,Utah,Grand County,United States,Activated,Reachable,Available,Available,,1,,Disabled,,Yes,Public,All Drivers,All Drivers,1736451,RMP Moab CPE250,7.0.5.16/v7.0.5.16,Disabled,,,,Standard Warranty,4/30/2019 13:29,4/30/2020,Parts Only,,,,,,,,,,,,
RMP NTO OFFICE / RMP MOAB CT4K,Moab,84532,400 N 100 W,,,Utility,,CT4020-HD-GW,PacifiCorp,0024:B100:0003:1ABC,1.84241E+11,,Utah,Grand County,United States,Activated,Reachable,Available,Available,Available,2,,Disabled,,Yes,Public,All Drivers,All Drivers,1736491,RMP Moab CT4k,4.3.5.93,Disabled,,40A,,Standard Warranty,4/30/2019 13:19,4/30/2020,Parts Only,,,,,,,,,,,,
SLC AIRPORT / HOURLY 2,Salt Lake City,84116,Hourly/Daily Parking,,Airport,Parking,Airport,CT4025-HD,Salt Lake City Department of Airports,0024:B100:0002:7438,1.71341E+11,P2,Utah,Salt Lake County,United States,Activated,Reachable,Available,Inuse,Available,2,,Disabled,Hourly Parking,Yes,Public,All Drivers,All Drivers,198737,CT4K GW3,4.3.5.93,Disabled,,40A,,ChargePoint Assure,6/20/2018 11:38,6/20/2022,Parts & Labor,,,,,,,,,City of Salt Lake City,0014000000v79LV,,
SLC AIRPORT / HOURLY 3,Salt Lake City,84116,Hourly/Daily Parking,,Airport,Parking,Airport,CT4025-HD-GW,Salt Lake City Department of Airports,0024:B100:0002:6FC2,1.71241E+11,P1,Utah,Salt Lake County,United States,Activated,Reachable,Available,Available,Inuse,2,,Disabled,Hourly Parking,Yes,Public,All Drivers,All Drivers,197811,CT4K GW4,4.3.5.93,Disabled,,40A,,ChargePoint Assure,6/20/2018 11:38,6/20/2022,Parts & Labor,,,,,,,,,City of Salt Lake City,0014000000v79LV,,
SLC AIRPORT / HOURLY 4,Salt Lake City,84116,Hourly/Daily Parking,,Airport,Parking,Airport,CT4025-HD,Salt Lake City Department of Airports,0024:B100:0002:7552,1.71241E+11,P2,Utah,Salt Lake County,United States,Activated,Reachable,Inuse,Inuse,Inuse,2,,Disabled,Hourly Parking,Yes,Public,All Drivers,All Drivers,199139,CT4K GW4,4.3.5.93,Disabled,,40A,,ChargePoint Assure,6/20/2018 11:41,6/20/2022,Parts & Labor,,,,,,,,,City of Salt Lake City,0014000000v79LV,,
